﻿<?xml version="1.0" encoding="utf-8"?>
<!--Packaged setup demo that embeds an MSI component.-->
<configurations lcid_type="UserExe" show_language_selector="False" language_selector_title="" language_selector_ok="OK" language_selector_cancel="Cancel" configuration_no_match_message="" ui_level="full" fileversion="1.0.0.1" productversion="1.0.0.0" log_enabled="True" log_file="#TEMPPATH\#GUID.log ">
  <schema version="2.0.81.0" generator="dotNetInstaller InstallerEditor" />
  <fileattributes>
    <fileattribute name="FileDescription" value="Standalone setup sample" />
    <fileattribute name="CompanyName" value="DevAge, Vestris Inc. &amp; Contrbutors (Thank You)" />
    <fileattribute name="LegalCopyright" value="(c) DevAge, Vestris Inc., &amp; Contributors" />
    <fileattribute name="Comments" value="Standalone setup sample built by dotNetInstaller." />
  </fileattributes>
  <!--Default install locale.-->
  <configuration dialog_caption="Simple Installer" dialog_message="In order to install this Simple application you must first install these components:" dialog_message_uninstall="Click Uninstall to uninstall the simple applcation." dialog_bitmap="#APPPATH\banner.bmp" skip_caption="Skip" install_caption="Install" uninstall_caption="Uninstall" cancel_caption="Close" status_installed=" (Installed)" status_notinstalled="" failed_exec_command_continue="Failed to install %s." installation_completed="Simple application installed successfully !" uninstallation_completed="Simple application installed successfully !" installation_none="Simple is already installed!" uninstallation_none="Simple Setup is not installed!" installing_component_wait="Installing %s . Wait, this operation could take some time ..." uninstalling_component_wait="Installing %s . Wait, this operation could take some time ..." reboot_required="To continue the installation you must restart your computer. Restart now?" must_reboot_required="False" dialog_otherinfo_caption="www.codeplex.com/dotnetinstaller" dialog_otherinfo_link="http://www.codeplex.com/dotnetinstaller/" complete_command="notepad &quot;#TEMPPATH\#GUID\Readme.txt&quot;" complete_command_silent="cmd.exe /C &quot;echo Finished! &gt; #TEMPPATH\#GUID.log.silent&quot;" complete_command_basic="" wait_for_complete_command="True" auto_close_if_installed="True" auto_close_on_error="False" reload_on_error="True" dialog_show_installed="True" dialog_show_uninstalled="True" dialog_show_required="True" cab_dialog_message="Extracting %s ..." cab_cancelled_message="Cancelled by user!" cab_dialog_caption="Setup.cab" cab_path="#TEMPPATH\#GUID" cab_path_autodelete="True" dialog_default_button="cancel" dialog_position="" dialog_components_list_position="" dialog_message_position="" dialog_bitmap_position="" dialog_otherinfo_link_position="" dialog_osinfo_position="" dialog_install_button_position="" dialog_cancel_button_position="" dialog_skip_button_position="" auto_start="False" auto_continue_on_reboot="False" reboot_cmd="" show_progress_dialog="True" show_cab_dialog="True" disable_wow64_fs_redirection="False" administrator_required="True" administrator_required_message="Simple setup requires administrative rights." type="install" lcid_filter="" language_id="" language="" os_filter="" os_filter_min="" os_filter_max="" processor_architecture_filter="" supports_install="True" supports_uninstall="True">
    <!--Demo MSI.-->
    <component package="#CABPATH\Simple\Simple.msi" cmdparameters="" cmdparameters_silent="/qn" cmdparameters_basic="/qb-" uninstall_package="" uninstall_cmdparameters="/qb-" uninstall_cmdparameters_silent="/qn" uninstall_cmdparameters_basic="/qb-" disable_wow64_fs_redirection="False" id="simple" display_name="Simple.msi" uninstall_display_name="" os_filter="" os_filter_min="" os_filter_max="" os_filter_lcid="" type="msi" installcompletemessage="" uninstallcompletemessage="" mustreboot="False" reboot_required="" must_reboot_required="False" failed_exec_command_continue="" allow_continue_on_error="False" default_continue_on_error="False" required_install="True" required_uninstall="True" selected_install="True" selected_uninstall="True" note="" processor_architecture_filter="" status_installed="" status_notinstalled="" supports_install="True" supports_uninstall="True" show_progress_dialog="True" show_cab_dialog="True">
      <installedcheck path="SOFTWARE\Microsoft\Windows\CurrentVersion\Uninstall\{89DD6045-A45B-4ED4-9C06-E93316D52A1D}" fieldname="Version" fieldvalue="1" defaultvalue="False" fieldtype="REG_DWORD" comparison="exists" rootkey="HKEY_LOCAL_MACHINE" wowoption="NONE" type="check_registry_value" description="Installed Check" />
      <embedfile sourcefilepath="#APPPATH\Simple\Simple.msi" targetfilepath="Simple\Simple.msi" />
      <embedfolder sourcefolderpath="#APPPATH\Simple" targetfolderpath="SimpleComponentPackagedFolder" />
    </component>
    <!--An automatically embedded Readme.txt file.-->
    <embedfile sourcefilepath="#APPPATH\Readme.txt" targetfilepath="" />
    <embedfolder sourcefolderpath="#APPPATH\Simple" targetfolderpath="SimplePackagedFolder" />
  </configuration>
</configurations>