﻿<?xml version="1.0" encoding="utf-8"?>
<configurations lcid_type="UserExe" show_language_selector="False" language_selector_title="" language_selector_ok="OK" language_selector_cancel="Cancel" configuration_no_match_message="" ui_level="full" fileversion="" productversion="" log_enabled="False" log_file="#TEMPPATH\dotNetInstallerLog.txt">
  <schema version="2.0.81.0" generator="dotNetInstaller InstallerEditor" />
  <configuration dialog_caption="APPLICATION_NAME Installer" dialog_message="In order to install APPLICATION_NAME you must first install these components:" dialog_message_uninstall="" dialog_bitmap="#APPPATH\banner.bmp" skip_caption="Skip" install_caption="Install" uninstall_caption="Uninstall" cancel_caption="Close" status_installed=" (Installed or not Required) " status_notinstalled="" failed_exec_command_continue="Failed to install %s. Continue with other components?" installation_completed="APPLICATION_NAME installed successfully!" uninstallation_completed="APPLICATION_NAME uninstalled successfully!" installation_none="APPLICATION_NAME is already installed!" uninstallation_none="APPLICATION_NAME is not installed!" installing_component_wait="Installing %s. Wait, this operation could take some time ..." uninstalling_component_wait="Uninstalling %s. Wait, this operation could take some time ..." reboot_required="To continue the installation you must restart your computer. Restart now?" must_reboot_required="False" dialog_otherinfo_caption="" dialog_otherinfo_link="" complete_command="" complete_command_silent="" complete_command_basic="" wait_for_complete_command="True" auto_close_if_installed="True" auto_close_on_error="False" reload_on_error="True" dialog_show_installed="True" dialog_show_uninstalled="True" dialog_show_required="True" cab_dialog_message="%s" cab_cancelled_message="" cab_dialog_caption="" cab_path="#TEMPPATH\#GUID" cab_path_autodelete="True" dialog_default_button="cancel" dialog_position="" dialog_components_list_position="" dialog_message_position="" dialog_bitmap_position="" dialog_otherinfo_link_position="" dialog_osinfo_position="" dialog_install_button_position="" dialog_cancel_button_position="" dialog_skip_button_position="" auto_start="False" auto_continue_on_reboot="False" reboot_cmd="" show_progress_dialog="True" show_cab_dialog="True" disable_wow64_fs_redirection="False" administrator_required="False" administrator_required_message="APPLICATION_NAME installation requires administration rights." type="install" lcid_filter="" language_id="" language="" os_filter="" os_filter_min="" os_filter_max="" processor_architecture_filter="" supports_install="True" supports_uninstall="False">
    <component package="#APPPATH\mysetup.msi" cmdparameters="" cmdparameters_silent="/qn" cmdparameters_basic="/qb-" uninstall_package="" uninstall_cmdparameters="/qb-" uninstall_cmdparameters_silent="/qn" uninstall_cmdparameters_basic="/qb-" disable_wow64_fs_redirection="False" id="mysetup.msi" display_name="mysetup.msi" uninstall_display_name="" os_filter="" os_filter_min="" os_filter_max="" os_filter_lcid="" type="msi" installcompletemessage="" uninstallcompletemessage="" mustreboot="False" reboot_required="" must_reboot_required="False" failed_exec_command_continue="" allow_continue_on_error="True" default_continue_on_error="False" required_install="False" required_uninstall="False" selected_install="True" selected_uninstall="True" note="" processor_architecture_filter="" status_installed="" status_notinstalled="" supports_install="True" supports_uninstall="True" show_progress_dialog="True" show_cab_dialog="True">
      <installedcheck path="SOFTWARE\ATEST" fieldname="InstalledVersion" fieldvalue="1.3.0" defaultvalue="False" fieldtype="REG_SZ" comparison="version" rootkey="HKEY_LOCAL_MACHINE" wowoption="NONE" type="check_registry_value" description="Installed Check" />
    </component>
    <component patch="#APPPATH\mypatch.msp" package="#APPPATH\patch.msp" cmdparameters="" cmdparameters_silent="/qn" cmdparameters_basic="/qb" uninstall_package="" uninstall_patch="" uninstall_cmdparameters="/qb-" uninstall_cmdparameters_silent="/qn" uninstall_cmdparameters_basic="/qb-" reinstall="ALL" reinstallmode="omus" disable_wow64_fs_redirection="False" id="patch.msp" display_name="patch.msp" uninstall_display_name="" os_filter="" os_filter_min="" os_filter_max="" os_filter_lcid="" type="msp" installcompletemessage="" uninstallcompletemessage="" mustreboot="False" reboot_required="" must_reboot_required="False" failed_exec_command_continue="" allow_continue_on_error="True" default_continue_on_error="False" required_install="True" required_uninstall="True" selected_install="True" selected_uninstall="True" note="" processor_architecture_filter="" status_installed="" status_notinstalled="" supports_install="True" supports_uninstall="False" show_progress_dialog="True" show_cab_dialog="True">
      <installedcheck path="SOFTWARE\ATEST" fieldname="InstalledVersion" fieldvalue="1.3.0" defaultvalue="True" fieldtype="REG_SZ" comparison="version" rootkey="HKEY_LOCAL_MACHINE" wowoption="NONE" type="check_registry_value" description="Installed Check" />
    </component>
  </configuration>
</configurations>