﻿<?xml version="1.0" encoding="utf-8"?>
<configurations lcid_type="UserExe" show_language_selector="True" language_selector_title="Выбери язык ..." language_selector_ok="Окей" language_selector_cancel="Стоп" configuration_no_match_message="" ui_level="full" fileversion="1.0.0.0" productversion="1.0.0.0" log_enabled="False" log_file="#TEMPPATH\dotNetInstallerLog.txt">
  <schema version="2.0.81.0" generator="dotNetInstaller InstallerEditor" />
  <configuration dialog_caption="Adobe Acrobat Reader Installer" dialog_message="The following applications will be installed." dialog_message_uninstall="" dialog_bitmap="#APPPATH\banner.bmp" skip_caption="Skip" install_caption="Install" uninstall_caption="Install" cancel_caption="Close" status_installed=" (Installed)" status_notinstalled="" failed_exec_command_continue="Failed to install %s. Continue with other components?" installation_completed="Adobe Acrobat Reader installed successfully !" uninstallation_completed="Adobe Acrobat Reader installed successfully !" installation_none="Adobe Acrobat Reader is already installed!" uninstallation_none="APPLICATION_NAME is not installed!" installing_component_wait="Installing %s . Please wait ..." uninstalling_component_wait="Installing %s . Please wait ..." reboot_required="To continue the installation you must restart your computer. Restart now?" must_reboot_required="False" dialog_otherinfo_caption="" dialog_otherinfo_link="" complete_command="" complete_command_silent="" complete_command_basic="" wait_for_complete_command="True" auto_close_if_installed="True" auto_close_on_error="False" reload_on_error="True" dialog_show_installed="True" dialog_show_uninstalled="True" dialog_show_required="True" cab_dialog_message="%s" cab_cancelled_message="" cab_dialog_caption="" cab_path="#TEMPPATH\#GUID" cab_path_autodelete="True" dialog_default_button="cancel" dialog_position="" dialog_components_list_position="" dialog_message_position="" dialog_bitmap_position="" dialog_otherinfo_link_position="" dialog_osinfo_position="" dialog_install_button_position="" dialog_cancel_button_position="" dialog_skip_button_position="" auto_start="False" auto_continue_on_reboot="False" reboot_cmd="" show_progress_dialog="True" show_cab_dialog="True" disable_wow64_fs_redirection="False" administrator_required="False" administrator_required_message="APPLICATION_NAME installation requires administration rights." type="install" lcid_filter="1040" language_id="1040" language="English" os_filter="" os_filter_min="" os_filter_max="" processor_architecture_filter="" supports_install="True" supports_uninstall="True">
    <component command="#TEMPPATH\AdbeRdr910_en_US_Std.exe" command_silent="" command_basic="" uninstall_command="" uninstall_command_silent="" uninstall_command_basic="" returncodes_success="" returncodes_reboot="" disable_wow64_fs_redirection="False" id="Adobe Acrobat Reader 9" display_name="Adobe Acrobat Reader 9" uninstall_display_name="" os_filter="" os_filter_min="" os_filter_max="" os_filter_lcid="" type="cmd" installcompletemessage="" uninstallcompletemessage="" mustreboot="False" reboot_required="" must_reboot_required="False" failed_exec_command_continue="" allow_continue_on_error="True" default_continue_on_error="False" required_install="True" required_uninstall="True" selected_install="True" selected_uninstall="True" note="" processor_architecture_filter="" status_installed="" status_notinstalled="" supports_install="True" supports_uninstall="False" show_progress_dialog="True" show_cab_dialog="True">
      <downloaddialog dialog_caption="Adobe Acrobat - Download Components" dialog_message="Press 'Start' to download the required components for installing COMPONENT_NAME." dialog_message_downloading="Download in progress. Wait..." dialog_message_copying="Copying ..." dialog_message_connecting="Connecting ..." dialog_message_sendingrequest="Sending request ..." autostartdownload="True" buttonstart_caption="Start" buttoncancel_caption="Cancel">
        <download componentname="Adobe Acrobat Reader" sourceurl="http://ardownload.adobe.com/pub/adobe/reader/win/9.x/9.1/enu/AdbeRdr910_en_US_Std.exe" sourcepath="" destinationpath="#TEMPPATH" destinationfilename="AdbeRdr910_en_US_Std.exe" alwaysdownload="True" clear_cache="False" />
      </downloaddialog>
    </component>
  </configuration>
  <configuration dialog_caption="Adobe Акробат" dialog_message="Следующие программы будут установлены." dialog_message_uninstall="" dialog_bitmap="#APPPATH\banner.bmp" skip_caption="Skip" install_caption="Install" uninstall_caption="Install" cancel_caption="Close" status_installed=" (Installed)" status_notinstalled="" failed_exec_command_continue="Ошибка при установке %s. Продолжить?" installation_completed="Adobe Акробат установлен!" uninstallation_completed="Adobe Акробат установлен!" installation_none="Adobe Акробат уже установлен!" uninstallation_none="APPLICATION_NAME is not installed!" installing_component_wait="Устанавливаю %s . Подождите пожалуйста ..." uninstalling_component_wait="Устанавливаю %s . Подождите пожалуйста ..." reboot_required="Перезапустить компьютер?" must_reboot_required="False" dialog_otherinfo_caption="" dialog_otherinfo_link="" complete_command="" complete_command_silent="" complete_command_basic="" wait_for_complete_command="True" auto_close_if_installed="True" auto_close_on_error="False" reload_on_error="True" dialog_show_installed="True" dialog_show_uninstalled="True" dialog_show_required="True" cab_dialog_message="%s" cab_cancelled_message="" cab_dialog_caption="" cab_path="#TEMPPATH\#GUID" cab_path_autodelete="True" dialog_default_button="cancel" dialog_position="" dialog_components_list_position="" dialog_message_position="" dialog_bitmap_position="" dialog_otherinfo_link_position="" dialog_osinfo_position="" dialog_install_button_position="" dialog_cancel_button_position="" dialog_skip_button_position="" auto_start="False" auto_continue_on_reboot="False" reboot_cmd="" show_progress_dialog="True" show_cab_dialog="True" disable_wow64_fs_redirection="False" administrator_required="False" administrator_required_message="APPLICATION_NAME installation requires administration rights." type="install" lcid_filter="!1040" language_id="1049" language="Русский" os_filter="" os_filter_min="" os_filter_max="" processor_architecture_filter="" supports_install="True" supports_uninstall="True">
    <component command="#TEMPPATH\AdbeRdr910_en_US_Std.exe" command_silent="" command_basic="" uninstall_command="" uninstall_command_silent="" uninstall_command_basic="" returncodes_success="" returncodes_reboot="" disable_wow64_fs_redirection="False" id="Adobe Акробат Reader 9" display_name="Adobe Акробат Reader 9" uninstall_display_name="" os_filter="" os_filter_min="" os_filter_max="" os_filter_lcid="" type="cmd" installcompletemessage="" uninstallcompletemessage="" mustreboot="False" reboot_required="" must_reboot_required="False" failed_exec_command_continue="" allow_continue_on_error="True" default_continue_on_error="False" required_install="True" required_uninstall="True" selected_install="True" selected_uninstall="True" note="" processor_architecture_filter="" status_installed="" status_notinstalled="" supports_install="True" supports_uninstall="False" show_progress_dialog="True" show_cab_dialog="True">
      <downloaddialog dialog_caption="Adobe Акробат - Загрузка" dialog_message="Нажмите на 'Старт'." dialog_message_downloading="Загрузка. Подождите пожалуйста ..." dialog_message_copying="Copying ..." dialog_message_connecting="Connecting ..." dialog_message_sendingrequest="Sending request ..." autostartdownload="True" buttonstart_caption="Start" buttoncancel_caption="Cancel">
        <download componentname="Adobe Акробат Reader" sourceurl="http://ardownload.adobe.com/pub/adobe/reader/win/9.x/9.1/enu/AdbeRdr910_en_US_Std.exe" sourcepath="" destinationpath="#TEMPPATH" destinationfilename="AdbeRdr910_en_US_Std.exe" alwaysdownload="True" clear_cache="False" />
      </downloaddialog>
    </component>
  </configuration>
</configurations>