﻿<?xml version="1.0" encoding="utf-8"?>
<configurations>
  <schema version="1" />
  <configuration type="reference" lcid="">
    <downloaddialog dialog_caption="SampleApp Configuration - Download Components" dialog_message="Press 'Start' to download the required components for installing SampleApp." dialog_message_downloading="Download in progress. Wait..." autostartdownload="False" buttonstart_caption="Start" buttoncancel_caption="Cancel">
      <downloads>
        <download componentname="SampleApp Configuration" sourceurl="http://www.devage.com/SampleApp/configuration.xml" destinationpath="#TEMPPATH\SampleApp" destinationfilename="" />
      </downloads>
    </downloaddialog>
    <configfile filename="#TEMPPATH\InstallerEditor\configuration.xml" />
  </configuration>
</configurations>